surah,verse,word_position,madani1,madani2,makki,basari,dimashqi,kufi,himsi,surah_name,last_3_words
1,1,4,-1,-1,1,-1,-1,1,-1,الفاتحة,ٱللَّهِ ٱلرَّحۡمَٰنِ ٱلرَّحِیمِ
1,7,4,1,1,-1,1,1,-1,1,الفاتحة,ٱلَّذِینَ أَنۡعَمۡتَ عَلَیۡهِمۡ
2,1,1,-1,-1,-1,-1,-1,1,-1,البقرة,الٓمٓ
2,10,9,-1,-1,-1,-1,1,-1,1,البقرة,وَلَهُمۡ عَذَابٌ أَلِیمُۢ
2,11,11,1,1,1,1,-1,1,-1,البقرة,إِنَّمَا نَحۡنُ مُصۡلِحُونَ
2,114,21,-1,-1,-1,1,-1,-1,-1,البقرة,یَدۡخُلُوهَآ إِلَّا خَآىِٕفِینَ
2,197,29,-1,1,-1,1,-1,1,-1,البقرة,وَٱتَّقُونِ یَٰٓأُو۟لِی ٱلۡأَلۡبَٰبِ
2,200,24,1,-1,1,1,1,1,1,البقرة,ٱلۡـَٔاخِرَةِ مِنۡ خَلَٰقࣲ
2,219,17,1,-1,1,-1,-1,-1,-1,البقرة,وَیَسۡـَٔلُونَكَ مَاذَا یُنفِقُونَ
2,219,26,-1,1,-1,-1,1,1,1,البقرة,ٱلۡـَٔایَٰتِ لَعَلَّكُمۡ تَتَفَكَّرُونَ
2,235,26,-1,-1,-1,1,-1,-1,-1,البقرة,تَقُولُوا۟ قَوۡلࣰا مَّعۡرُوفࣰا
2,255,7,-1,1,1,1,-1,-1,-1,البقرة,هُوَ ٱلۡحَیُّ ٱلۡقَیُّومُ
2,257,9,1,-1,-1,-1,-1,-1,-1,البقرة,ٱلظُّلُمَٰتِ إِلَى ٱلنُّورِ
3,1,1,-1,-1,-1,-1,-1,1,-1,آل عمران,الٓمٓ
3,3,11,1,1,1,1,-1,1,-1,آل عمران,وَأَنزَلَ ٱلتَّوۡرَىٰةَ وَٱلۡإِنجِیلَ
3,4,6,1,1,1,1,1,-1,-1,آل عمران,لِّلنَّاسِ وَأَنزَلَ ٱلۡفُرۡقَانَ
3,48,5,-1,-1,-1,-1,1,1,-1,آل عمران,وَٱلۡحِكۡمَةَ وَٱلتَّوۡرَىٰةَ وَٱلۡإِنجِیلَ
3,49,4,-1,-1,-1,1,-1,-1,1,آل عمران,إِلَىٰ بَنِیٓ إِسۡرَٰٓءِیلَ
3,92,7,1,1,1,-1,1,-1,-1,آل عمران,تُنفِقُوا۟ مِمَّا تُحِبُّونَ
3,97,5,-1,-1,-1,-1,1,-1,-1,آل عمران,بَیِّنَٰتࣱ مَّقَامُ إِبۡرَٰهِیمَ
4,44,14,-1,-1,-1,-1,1,1,1,النساء,أَن تَضِلُّوا۟ ٱلسَّبِیلَ
4,173,17,-1,-1,-1,-1,1,-1,1,النساء,فَیُعَذِّبُهُمۡ عَذَابًا أَلِیمࣰا
5,1,5,1,1,1,1,1,-1,1,المائدة,ءَامَنُوٓا۟ أَوۡفُوا۟ بِٱلۡعُقُودِ
5,15,16,1,1,1,1,1,-1,1,المائدة,وَیَعۡفُوا۟ عَن كَثِیرࣲ
5,23,15,-1,-1,-1,1,-1,-1,-1,المائدة,دَخَلۡتُمُوهُ فَإِنَّكُمۡ غَٰلِبُونَ
6,1,9,1,1,1,-1,-1,-1,-1,الأنعام,وَجَعَلَ ٱلظُّلُمَٰتِ وَٱلنُّورَ
6,66,9,-1,-1,-1,-1,-1,1,-1,الأنعام,لَّسۡتُ عَلَیۡكُم بِوَكِیلࣲ
6,73,10,1,1,1,1,1,-1,1,الأنعام,یَقُولُ كُن فَیَكُونُ
6,161,7,1,1,1,1,1,-1,1,الأنعام,إِلَىٰ صِرَٰطࣲ مُّسۡتَقِیمࣲ
7,1,1,-1,-1,-1,-1,-1,1,-1,الأعراف,الٓمٓصٓ
7,29,13,-1,-1,-1,1,1,-1,1,الأعراف,مُخۡلِصِینَ لَهُ ٱلدِّینَ
7,29,16,-1,-1,-1,-1,-1,1,-1,الأعراف,كَمَا بَدَأَكُمۡ تَعُودُونَ
7,38,34,1,1,1,-1,-1,-1,-1,الأعراف,ضِعۡفࣰا مِّنَ ٱلنَّارِ
7,137,18,1,1,1,-1,-1,-1,-1,الأعراف,عَلَىٰ بَنِیٓ إِسۡرَٰٓءِیلَ
8,36,16,-1,-1,-1,1,1,-1,1,الأنفال,حَسۡرَةࣰ ثُمَّ یُغۡلَبُونَ
8,42,21,1,1,1,1,1,-1,1,الأنفال,أَمۡرࣰا كَانَ مَفۡعُولࣰا
8,62,12,1,1,1,-1,1,1,1,الأنفال,أَیَّدَكَ بِنَصۡرِهِۦ وَبِٱلۡمُؤۡمِنِینَ
9,3,14,-1,-1,-1,1,-1,-1,-1,التوبة,بَرِیٓءࣱ مِّنَ ٱلۡمُشۡرِكِینَ
9,39,5,-1,-1,-1,-1,1,-1,-1,التوبة,یُعَذِّبۡكُمۡ عَذَابًا أَلِیمࣰا
9,36,21,-1,-1,-1,-1,-1,-1,1,التوبة,ذلك الدین القیم
9,70,10,-1,1,1,-1,-1,-1,-1,التوبة,نُوحࣲ وَعَادࣲ وَثَمُودَ
10,22,34,-1,-1,-1,-1,1,-1,-1,يونس,مُخۡلِصِینَ لَهُ ٱلدِّینَ
10,22,41,1,1,1,1,-1,1,1,يونس,لَنَكُونَنَّ مِنَ ٱلشَّٰكِرِینَ
10,57,11,-1,-1,-1,-1,1,-1,1,يونس,لِّمَا فِی ٱلصُّدُورِ
11,54,16,-1,-1,-1,-1,-1,1,1,هود,بَرِیٓءࣱ مِّمَّا تُشۡرِكُونَ
11,74,11,1,1,1,-1,1,1,-1,هود,فِی قَوۡمِ لُوطٍ
11,82,11,-1,1,1,-1,-1,-1,-1,هود,حِجَارَةࣰ مِّن سِجِّیلࣲ
11,82,12,1,-1,-1,1,1,1,1,هود,مِّن سِجِّیلࣲ مَّنضُودࣲ
11,86,7,1,1,1,-1,-1,-1,1,هود,إِن كُنتُم مُّؤۡمِنِینَ
11,118,10,-1,-1,-1,1,1,1,1,هود,وَلَا یَزَالُونَ مُخۡتَلِفِینَ
11,121,9,1,-1,-1,1,1,1,1,هود,مَكَانَتِكُمۡ إِنَّا عَٰمِلُونَ
13,5,11,1,1,1,1,1,-1,1,الرعد,لَفِی خَلۡقࣲ جَدِیدٍ
13,16,23,-1,-1,-1,-1,1,-1,1,الرعد,یَسۡتَوِی ٱلۡأَعۡمَىٰ وَٱلۡبَصِیرُ
13,16,28,1,1,1,1,1,-1,1,الرعد,تَسۡتَوِی ٱلظُّلُمَٰتُ وَٱلنُّورُ
13,17,27,-1,-1,-1,-1,-1,-1,1,الرعد,الحق والباطل
13,18,23,-1,-1,-1,-1,1,-1,1,الرعد,لَهُمۡ سُوٓءُ ٱلۡحِسَابِ
13,23,15,-1,-1,-1,1,1,1,1,الرعد,مِّن كُلِّ بَابࣲ
14,1,10,1,1,1,-1,1,-1,1,إبراهيم,ٱلظُّلُمَٰتِ إِلَى ٱلنُّورِ
14,5,11,1,1,1,-1,1,-1,1,إبراهيم,ٱلظُّلُمَٰتِ إِلَى ٱلنُّورِ
14,9,10,1,1,1,1,-1,-1,-1,إبراهيم,نُوحࣲ وَعَادࣲ وَثَمُودَ
14,19,14,1,-1,-1,-1,1,1,-1,إبراهيم,وَیَأۡتِ بِخَلۡقࣲ جَدِیدࣲ
14,24,15,-1,1,1,1,1,1,1,إبراهيم,وَفَرۡعُهَا فِی ٱلسَّمَآءِ
14,33,9,1,1,1,-1,1,1,1,إبراهيم,لَكُمُ ٱلَّیۡلَ وَٱلنَّهَارَ
14,42,7,-1,-1,-1,-1,1,-1,1,إبراهيم,عَمَّا یَعۡمَلُ ٱلظَّٰلِمُونَ
17,107,18,-1,-1,-1,-1,-1,1,-1,الإسراء,یَخِرُّونَ لِلۡأَذۡقَانِ سُجَّدࣰا
18,13,11,1,1,1,1,-1,1,-1,الكهف,بِرَبِّهِمۡ وَزِدۡنَٰهُمۡ هُدࣰى
18,22,22,-1,1,-1,-1,-1,-1,-1,الكهف,یَعۡلَمُهُمۡ إِلَّا قَلِیلࣱ
18,23,7,1,-1,1,1,1,1,1,الكهف,فَاعِلࣱ ذَٰلِكَ غَدًا
18,32,14,-1,1,-1,1,1,1,1,الكهف,وَجَعَلۡنَا بَیۡنَهُمَا زَرۡعࣰا
18,35,12,1,-1,1,1,-1,1,1,الكهف,تَبِیدَ هَٰذِهِۦٓ أَبَدࣰا
18,84,10,-1,1,-1,1,1,1,1,الكهف,كُلِّ شَیۡءࣲ سَبَبࣰا
18,85,2,-1,-1,-1,1,-1,1,-1,الكهف,فَأَتۡبَعَ سَبَبًا
18,86,13,1,-1,1,1,1,-1,1,الكهف,وَوَجَدَ عِندَهَا قَوۡمࣰا
18,89,3,-1,-1,-1,1,-1,1,-1,الكهف,ثُمَّ أَتۡبَعَ سَبَبًا
18,92,3,-1,-1,-1,1,-1,1,-1,الكهف,ثُمَّ أَتۡبَعَ سَبَبًا
18,103,5,-1,-1,-1,1,1,1,1,الكهف,نُنَبِّئُكُم بِٱلۡأَخۡسَرِینَ أَعۡمَٰلًا
19,1,1,-1,-1,-1,-1,-1,1,-1,مريم,كٓهیعٓصٓ
19,41,4,-1,1,1,-1,-1,-1,-1,مريم,فِی ٱلۡكِتَٰبِ إِبۡرَٰهِیمَ
19,75,9,1,1,1,1,1,-1,1,مريم,لَهُ ٱلرَّحۡمَٰنُ مَدًّا
20,1,1,-1,-1,-1,-1,-1,1,-1,طه,طه
20,33,3,1,1,1,-1,1,1,1,طه,كَیۡ نُسَبِّحَكَ كَثِیرࣰا
20,34,2,1,1,1,-1,1,1,1,طه,وَنَذۡكُرَكَ كَثِیرًا
20,39,7,-1,-1,-1,-1,-1,-1,1,طه,فاقذفيه في اليم
20,39,19,1,1,1,-1,1,-1,-1,طه,عَلَیۡكَ مَحَبَّةࣰ مِّنِّی
20,40,17,-1,-1,-1,-1,1,-1,1,طه,عَیۡنُهَا وَلَا تَحۡزَنَ
20,40,24,-1,-1,-1,1,1,-1,1,طه,ٱلۡغَمِّ وَفَتَنَّٰكَ فُتُونࣰا
20,40,29,-1,-1,-1,-1,1,-1,-1,طه,فِیٓ أَهۡلِ مَدۡیَنَ
20,41,2,-1,-1,-1,-1,1,1,1,طه,وَٱصۡطَنَعۡتُكَ لِنَفۡسِی
20,47,9,-1,-1,-1,-1,1,-1,1,طه,مَعَنَا بَنِیٓ إِسۡرَٰٓءِیلَ
20,77,4,-1,-1,-1,-1,1,-1,-1,طه,أَوۡحَیۡنَآ إِلَىٰ مُوسَىٰٓ
20,78,8,-1,-1,-1,-1,-1,1,-1,طه,ٱلۡیَمِّ مَا غَشِیَهُمۡ
20,86,6,1,-1,1,-1,-1,-1,1,طه,قَوۡمِهِۦ غَضۡبَٰنَ أَسِفࣰا
20,86,13,-1,1,-1,-1,-1,-1,-1,طه,رَبُّكُمۡ وَعۡدًا حَسَنًا
20,87,15,1,-1,1,1,1,1,1,طه,فَكَذَٰلِكَ أَلۡقَى ٱلسَّامِرِیُّ
20,88,11,1,-1,1,-1,-1,-1,-1,طه,إِلَٰهُكُمۡ وَإِلَٰهُ مُوسَىٰ
20,88,12,-1,1,-1,1,1,1,1,طه,وَإِلَٰهُ مُوسَىٰ فَنَسِیَ
20,89,6,-1,1,-1,-1,-1,-1,1,طه,یَرۡجِعُ إِلَیۡهِمۡ قَوۡلࣰا
20,92,7,-1,-1,-1,-1,-1,1,-1,طه,إِذۡ رَأَیۡتَهُمۡ ضَلُّوٓا۟
20,106,3,-1,-1,-1,1,1,1,1,طه,فَیَذَرُهَا قَاعࣰا صَفۡصَفࣰا
20,123,11,1,1,1,1,1,-1,-1,طه,یَأۡتِیَنَّكُم مِّنِّی هُدࣰى
20,124,8,-1,-1,-1,-1,-1,-1,1,طه,له معیشة ضنكا
20,131,12,1,1,1,1,1,-1,1,طه,زَهۡرَةَ ٱلۡحَیَوٰةِ ٱلدُّنۡیَا
21,66,11,-1,-1,-1,-1,-1,1,-1,الأنبياء,شَیۡـࣰٔا وَلَا یَضُرُّكُمۡ
22,19,17,-1,-1,-1,-1,-1,1,-1,الحج,فَوۡقِ رُءُوسِهِمُ ٱلۡحَمِیمُ
22,20,6,-1,-1,-1,-1,-1,1,-1,الحج,فِی بُطُونِهِمۡ وَٱلۡجُلُودُ
22,42,9,1,1,1,1,-1,1,-1,الحج,نُوحࣲ وَعَادࣱ وَثَمُودُ
22,43,4,1,1,1,-1,-1,1,-1,الحج,إِبۡرَٰهِیمَ وَقَوۡمُ لُوطࣲ
22,78,20,-1,-1,1,-1,-1,-1,-1,الحج,هُوَ سَمَّىٰكُمُ ٱلۡمُسۡلِمِینَ
23,45,5,1,1,1,1,1,-1,1,المؤمنون,مُوسَىٰ وَأَخَاهُ هَٰرُونَ
24,36,14,-1,-1,-1,1,1,1,1,النور,فِیهَا بِٱلۡغُدُوِّ وَٱلۡـَٔاصَالِ
24,43,38,-1,-1,-1,1,1,1,1,النور,بَرۡقِهِۦ یَذۡهَبُ بِٱلۡأَبۡصَٰرِ
24,44,10,1,1,1,1,1,1,-1,النور,لأولي الأبصر
26,1,1,-1,-1,-1,-1,-1,1,-1,الشعراء,طسٓمٓ
26,49,14,1,1,1,1,1,-1,1,الشعراء,ٱلسِّحۡرَ فَلَسَوۡفَ تَعۡلَمُونَ
26,92,6,1,1,1,-1,1,1,1,الشعراء,مَا كُنتُمۡ تَعۡبُدُونَ
26,210,4,1,-1,-1,1,1,1,1,الشعراء,تَنَزَّلَتۡ بِهِ ٱلشَّیَٰطِینُ
27,33,7,1,1,1,-1,-1,-1,-1,النمل,وَأُو۟لُوا۟ بَأۡسࣲ شَدِیدࣲ
27,44,17,1,1,1,1,1,-1,1,النمل,مُّمَرَّدࣱ مِّن قَوَارِیرَ
28,1,1,-1,-1,-1,-1,-1,1,-1,القصص,طسٓمٓ
28,23,10,1,1,1,1,1,-1,1,القصص,مِّنَ ٱلنَّاسِ یَسۡقُونَ
28,33,9,1,1,1,1,1,1,-1,القصص,فأخاف أن يقتلون
28,35,15,1,1,1,1,1,1,-1,القصص,ومن اتبعكما الغلبون
28,38,15,-1,-1,-1,-1,-1,-1,1,القصص,على الطين
29,1,1,-1,-1,-1,-1,-1,1,-1,العنكبوت,الٓمٓ
29,29,5,1,1,1,-1,-1,-1,1,العنكبوت,ٱلرِّجَالَ وَتَقۡطَعُونَ ٱلسَّبِیلَ
29,65,9,-1,-1,-1,1,1,-1,-1,العنكبوت,مُخۡلِصِینَ لَهُ ٱلدِّینَ
29,67,12,-1,-1,-1,-1,-1,-1,1,العنكبوت,أفباباطل يؤمنون
30,1,1,-1,-1,-1,-1,-1,1,-1,الروم,الٓمٓ
30,2,2,1,-1,-1,1,1,1,1,الروم,غُلِبَتِ ٱلرُّومُ
30,4,3,-1,1,1,1,1,-1,1,الروم,فِی بِضۡعِ سِنِینَ
30,55,5,1,-1,-1,-1,-1,-1,-1,الروم,ٱلسَّاعَةُ یُقۡسِمُ ٱلۡمُجۡرِمُونَ
31,1,1,-1,-1,-1,-1,-1,1,-1,لقمان,الٓمٓ
31,32,9,-1,-1,-1,1,1,-1,1,لقمان,مُخۡلِصِینَ لَهُ ٱلدِّینَ
32,1,1,-1,-1,-1,-1,-1,1,-1,السجدة,الٓمٓ
32,10,9,1,1,1,-1,1,-1,1,السجدة,لَفِی خَلۡقࣲ جَدِیدِۭ
34,15,10,-1,-1,-1,-1,1,-1,1,سبأ,عَن یَمِینࣲ وَشِمَالࣲ
35,7,5,-1,-1,-1,1,1,-1,1,فاطر,لَهُمۡ عَذَابࣱ شَدِیدࣱ
35,12,28,1,1,1,1,1,1,-1,فاطر,ولعلكم تشكرون
35,16,6,1,1,1,-1,1,1,-1,فاطر,وَیَأۡتِ بِخَلۡقࣲ جَدِیدࣲ
35,19,4,1,1,1,-1,1,1,1,فاطر,یَسۡتَوِی ٱلۡأَعۡمَىٰ وَٱلۡبَصِیرُ
35,20,4,1,1,1,-1,1,1,1,فاطر,ٱلظُّلُمَٰتُ وَلَا ٱلنُّورُ
35,22,16,1,1,1,1,-1,1,1,فاطر,مَّن فِی ٱلۡقُبُورِ
35,23,4,1,1,1,1,1,1,-1,فاطر,أنت إلا نذير
35,41,7,-1,-1,-1,1,-1,-1,-1,فاطر,وَٱلۡأَرۡضَ أَن تَزُولَا
35,43,21,-1,1,-1,1,1,-1,1,فاطر,لِسُنَّتِ ٱللَّهِ تَبۡدِیلࣰا
36,1,1,-1,-1,-1,-1,-1,1,-1,يس,یسٓ
37,22,7,1,1,1,-1,1,1,1,الصافات,وَمَا كَانُوا۟ یَعۡبُدُونَ
37,8,9,1,1,1,1,1,1,-1,الصافات,من كل جانب
37,9,1,-1,-1,-1,-1,-1,-1,1,الصافات,دحورا
38,1,4,-1,-1,-1,-1,-1,1,-1,ص,وَٱلۡقُرۡءَانِ ذِی ٱلذِّكۡرِ
38,37,4,1,1,1,-1,1,1,1,ص,كُلَّ بَنَّآءࣲ وَغَوَّاصࣲ
38,67,4,1,1,1,1,1,1,-1,ص,نبؤا عظيم
38,84,4,-1,-1,-1,-1,-1,1,1,ص,فَٱلۡحَقُّ وَٱلۡحَقَّ أَقُولُ
39,3,25,1,1,1,1,1,-1,1,الزمر,هُمۡ فِیهِ یَخۡتَلِفُونَ
39,11,9,-1,-1,-1,-1,1,1,-1,الزمر,مُخۡلِصࣰا لَّهُ ٱلدِّینَ
39,14,6,-1,-1,-1,-1,-1,1,-1,الزمر,مُخۡلِصࣰا لَّهُۥ دِینِی
39,17,12,-1,1,-1,1,1,1,1,الزمر,ٱلۡبُشۡرَىٰ فَبَشِّرۡ عِبَادِ
39,20,14,1,-1,1,-1,-1,-1,-1,الزمر,مِن تَحۡتِهَا ٱلۡأَنۡهَٰرُ
39,36,15,-1,-1,-1,-1,-1,1,-1,الزمر,لَهُۥ مِنۡ هَادࣲ
39,39,9,-1,-1,-1,-1,-1,1,1,الزمر,عَٰمِلࣱ فَسَوۡفَ تَعۡلَمُونَ
40,1,1,-1,-1,-1,-1,-1,1,-1,غافر,حمٓ
40,15,16,1,1,1,1,-1,1,1,غافر,لِیُنذِرَ یَوۡمَ ٱلتَّلَاقِ
40,16,3,-1,-1,-1,-1,1,-1,-1,غافر,یَوۡمَ هُم بَٰرِزُونَ
40,18,8,1,1,1,1,1,-1,1,غافر,لَدَى ٱلۡحَنَاجِرِ كَٰظِمِینَ
40,53,8,1,-1,1,-1,1,1,1,غافر,بَنِیٓ إِسۡرَٰٓءِیلَ ٱلۡكِتَٰبَ
40,58,4,-1,1,-1,-1,1,-1,-1,غافر,یَسۡتَوِی ٱلۡأَعۡمَىٰ وَٱلۡبَصِیرُ
40,71,6,-1,1,-1,-1,1,1,1,غافر,أَعۡنَٰقِهِمۡ وَٱلسَّلَٰسِلُ یُسۡحَبُونَ
40,72,2,1,-1,1,-1,-1,-1,-1,غافر,فِی ٱلۡحَمِیمِ
40,73,7,-1,-1,-1,-1,-1,1,-1,غافر,مَا كُنتُمۡ تُشۡرِكُونَ
41,1,1,-1,-1,-1,-1,-1,1,-1,فصلت,حمٓ
41,13,9,1,1,1,-1,-1,1,-1,فصلت,صَٰعِقَةِ عَادࣲ وَثَمُودَ
42,1,1,-1,-1,-1,-1,-1,1,-1,الشورى,حمٓ
42,2,1,-1,-1,-1,-1,-1,1,1,الشورى,عٓسٓقٓ
42,32,6,-1,-1,-1,-1,-1,1,-1,الشورى,فِی ٱلۡبَحۡرِ كَٱلۡأَعۡلَٰمِ
43,1,1,-1,-1,-1,-1,-1,1,-1,الزخرف,حمٓ
43,52,8,1,1,1,1,-1,-1,-1,الزخرف,ٱلَّذِی هُوَ مَهِینࣱ
44,1,1,-1,-1,-1,-1,-1,1,-1,الدخان,حمٓ
44,34,3,-1,-1,-1,-1,-1,1,-1,الدخان,إِنَّ هَٰٓؤُلَآءِ لَیَقُولُونَ
44,43,3,1,-1,-1,1,1,1,-1,الدخان,إِنَّ شَجَرَتَ ٱلزَّقُّومِ
44,45,4,-1,1,1,1,-1,1,1,الدخان,یَغۡلِی فِی ٱلۡبُطُونِ
45,1,1,-1,-1,-1,-1,-1,1,-1,الجاثية,حمٓ
46,1,1,-1,-1,-1,-1,-1,1,-1,الأحقاف,حمٓ
47,4,6,-1,-1,-1,-1,-1,-1,1,محمد,فضرب الرقاب
47,4,11,-1,-1,-1,-1,-1,-1,1,محمد,فشدوا الوثاق
47,4,20,1,1,1,1,1,-1,-1,محمد,تَضَعَ ٱلۡحَرۡبُ أَوۡزَارَهَا
47,4,26,-1,-1,-1,-1,-1,-1,1,محمد,لانتصر منهم
47,5,3,1,1,1,1,1,1,-1,محمد,سيهديهم ويصلح بالهم
47,7,9,1,1,1,1,1,1,-1,محمد,ينصركم ويثبت أقدامكم
47,15,22,-1,-1,-1,1,-1,-1,1,محمد,خَمۡرࣲ لَّذَّةࣲ لِّلشَّٰرِبِینَ
52,1,1,-1,-1,-1,1,1,1,1,الطور,وَٱلطُّورِ
52,13,6,-1,-1,-1,-1,1,1,1,الطور,نَارِ جَهَنَّمَ دَعًّا
53,28,16,-1,-1,-1,-1,-1,1,-1,النجم,مِنَ ٱلۡحَقِّ شَیۡـࣰٔا
53,29,4,-1,-1,-1,-1,1,-1,1,النجم,عَن مَّن تَوَلَّىٰ
53,29,11,1,1,1,1,-1,1,1,النجم,إِلَّا ٱلۡحَیَوٰةَ ٱلدُّنۡیَا
55,1,1,-1,-1,-1,-1,1,1,1,الرحمن,ٱلرَّحۡمَٰنُ
55,3,2,-1,-1,1,1,1,1,1,الرحمن,خَلَقَ ٱلۡإِنسَٰنَ
55,10,3,1,1,-1,1,1,1,1,الرحمن,وَٱلۡأَرۡضَ وَضَعَهَا لِلۡأَنَامِ
55,35,5,1,1,1,-1,-1,-1,-1,الرحمن,شُوَاظࣱ مِّن نَّارࣲ
55,43,6,1,1,1,-1,1,1,1,الرحمن,یُكَذِّبُ بِهَا ٱلۡمُجۡرِمُونَ
56,8,2,1,1,1,1,1,-1,1,الواقعة,فَأَصۡحَٰبُ ٱلۡمَیۡمَنَةِ
56,9,2,1,1,1,1,1,-1,1,الواقعة,وَأَصۡحَٰبُ ٱلۡمَشۡـَٔمَةِ
56,15,3,1,1,1,-1,-1,1,1,الواقعة,عَلَىٰ سُرُرࣲ مَّوۡضُونَةࣲ
56,18,2,-1,1,1,-1,-1,-1,,الواقعة,بِأَكۡوَابࣲ وَأَبَارِیقَ
56,22,2,1,-1,-1,-1,-1,1,1,الواقعة,وَحُورٌ عِینࣱ
56,25,6,-1,1,-1,1,1,1,-1,الواقعة,لَغۡوࣰا وَلَا تَأۡثِیمًا
56,27,2,1,-1,1,1,1,-1,1,الواقعة,وَأَصۡحَٰبُ ٱلۡیَمِینِ
56,35,3,1,1,1,-1,1,1,1,الواقعة,إِنَّآ أَنشَأۡنَٰهُنَّ إِنشَآءࣰ
56,41,2,1,1,1,1,1,-1,1,الواقعة,وَأَصۡحَٰبُ ٱلشِّمَالِ
56,48,2,1,1,1,1,1,1,-1,الواقعة,الأولون
56,49,4,1,-1,1,1,-1,1,-1,الواقعة,إِنَّ ٱلۡأَوَّلِینَ وَٱلۡـَٔاخِرِینَ
56,50,1,-1,1,-1,-1,1,-1,1,الواقعة,لَمَجۡمُوعُونَ
56,89,2,-1,-1,-1,-1,1,-1,-1,الواقعة,فَرَوۡحࣱ وَرَیۡحَانࣱ
57,13,27,-1,-1,-1,-1,-1,1,-1,الحديد,مِن قِبَلِهِ ٱلۡعَذَابُ
57,27,11,-1,-1,-1,1,-1,-1,-1,الحديد,مَرۡیَمَ وَءَاتَیۡنَٰهُ ٱلۡإِنجِیلَ
58,20,8,1,-1,-1,1,1,1,1,المجادلة,أُو۟لَٰٓىِٕكَ فِی ٱلۡأَذَلِّینَ
65,2,24,-1,-1,-1,-1,1,-1,-1,الطلاق,بِٱللَّهِ وَٱلۡیَوۡمِ ٱلۡـَٔاخِرِ
65,2,30,-1,1,1,-1,-1,-1,1,الطلاق,یَجۡعَل لَّهُۥ مَخۡرَجࣰا
65,10,9,1,-1,-1,-1,-1,-1,-1,الطلاق,ٱللَّهَ یَٰٓأُو۟لِی ٱلۡأَلۡبَٰبِ
65,12,18,-1,-1,-1,-1,-1,-1,1,الطلاق,على كل شیء قدير
66,8,20,-1,-1,-1,-1,-1,-1,1,تحريم,تحتها الأنهر
67,9,5,1,1,1,-1,-1,-1,-1,الملك,قَدۡ جَآءَنَا نَذِیرࣱ
69,1,1,-1,-1,-1,-1,-1,1,-1,الحاقة,ٱلۡحَآقَّةُ
69,7,7,-1,-1,-1,-1,-1,-1,1,الحاقة,حسوما
69,25,5,1,1,1,-1,-1,-1,-1,الحاقة,أُوتِیَ كِتَٰبَهُۥ بِشِمَالِهِۦ
70,4,11,1,1,1,1,-1,1,1,المعارج,خَمۡسِینَ أَلۡفَ سَنَةࣲ
71,16,4,-1,-1,-1,-1,-1,-1,1,نوح,فيهن نورا
71,23,9,1,1,1,1,1,-1,-1,نوح,وَدࣰّا وَلَا سُوَاعࣰا
71,23,13,-1,1,-1,-1,-1,1,1,نوح,یَغُوثَ وَیَعُوقَ وَنَسۡرࣰا
71,24,3,1,-1,1,-1,-1,-1,-1,نوح,وَقَدۡ أَضَلُّوا۟ كَثِیرࣰا
71,25,5,1,1,1,1,1,-1,1,نوح,أُغۡرِقُوا۟ فَأُدۡخِلُوا۟ نَارࣰا
72,22,7,-1,-1,1,-1,-1,-1,-1,الجن,مِنَ ٱللَّهِ أَحَدࣱ
72,22,12,1,1,-1,1,1,1,1,الجن,مِن دُونِهِۦ مُلۡتَحَدًا
73,1,2,1,-1,-1,-1,1,1,-1,المزمل,یَٰٓأَیُّهَا ٱلۡمُزَّمِّلُ
73,12,4,1,1,1,1,1,1,-1,المزمل,وجحيما
73,15,4,-1,-1,1,-1,-1,-1,1,المزمل,أَرۡسَلۡنَآ إِلَیۡكُمۡ رَسُولࣰا
73,17,8,1,-1,1,1,1,1,1,المزمل,یَجۡعَلُ ٱلۡوِلۡدَٰنَ شِیبًا
74,40,3,1,-1,1,1,1,1,1,المدثر,فِی جَنَّٰتࣲ یَتَسَآءَلُونَ
74,41,2,1,1,-1,1,-1,1,1,المدثر,عَنِ ٱلۡمُجۡرِمِینَ
75,16,6,-1,-1,-1,-1,-1,1,1,القيامة,لِسَانَكَ لِتَعۡجَلَ بِهِۦٓ
78,40,4,-1,-1,-1,1,-1,-1,-1,النبأ,أَنذَرۡنَٰكُمۡ عَذَابࣰا قَرِیبࣰا
79,33,3,1,1,1,-1,-1,1,-1,النازعات,مَتَٰعࣰا لَّكُمۡ وَلِأَنۡعَٰمِكُمۡ
79,37,3,-1,-1,-1,1,1,1,1,النازعات,فَأَمَّا مَن طَغَىٰ
80,32,3,1,1,1,-1,-1,1,-1,عبس,مَّتَٰعࣰا لَّكُمۡ وَلِأَنۡعَٰمِكُمۡ
80,33,3,1,1,1,1,-1,1,1,عبس,فَإِذَا جَآءَتِ ٱلصَّآخَّةُ
84,6,4,-1,-1,-1,-1,-1,-1,1,الإنشقاق,كادح
84,6,7,-1,-1,-1,-1,-1,-1,1,الإنشقاق,كدحا
84,6,8,1,1,1,1,1,1,-1,الإنشقاق,فملقيه
84,7,5,1,1,1,-1,-1,1,-1,الإنشقاق,أُوتِیَ كِتَٰبَهُۥ بِیَمِینِهِۦ
84,10,6,1,1,1,-1,-1,1,-1,الإنشقاق,كِتَٰبَهُۥ وَرَآءَ ظَهۡرِهِۦ
85,11,11,-1,-1,-1,-1,-1,-1,1,البروج,من تحتها الأنهر
86,15,3,-1,1,1,1,1,1,1,الطارق,إِنَّهُمۡ یَكِیدُونَ كَیۡدࣰا
89,15,8,1,1,1,-1,-1,-1,1,الفجر,رَبُّهُۥ فَأَكۡرَمَهُۥ وَنَعَّمَهُۥ
89,15,11,1,1,1,1,1,1,-1,الفجر,أكرمن
89,16,7,1,1,1,-1,-1,-1,-1,الفجر,فَقَدَرَ عَلَیۡهِ رِزۡقَهُۥ
89,23,3,1,1,1,-1,1,-1,1,الفجر,وَجِا۟یٓءَ یَوۡمَىِٕذِۭ بِجَهَنَّمَ
89,29,3,-1,-1,-1,-1,-1,1,-1,الفجر,فَٱدۡخُلِی فِی عِبَٰدِی
91,14,2,1,-1,1,-1,-1,-1,1,الشمس,فَكَذَّبُوهُ فَعَقَرُوهَا
91,14,7,1,1,1,1,1,1,-1,الشمس,فسوها
96,9,3,1,1,1,1,-1,1,1,العلق,أَرَءَیۡتَ ٱلَّذِی یَنۡهَىٰ
96,15,4,1,1,1,-1,-1,-1,-1,العلق,لَىِٕن لَّمۡ یَنتَهِ
97,3,2,-1,-1,1,-1,1,-1,1,القدر,لَیۡلَةُ ٱلۡقَدۡرِ
98,5,8,-1,-1,-1,1,1,-1,1,البينة,مُخۡلِصِینَ لَهُ ٱلدِّینَ
99,6,4,-1,1,1,1,1,-1,1,الزلزلة,یَصۡدُرُ ٱلنَّاسُ أَشۡتَاتࣰا
101,1,1,-1,-1,-1,-1,-1,1,-1,القارعة,ٱلۡقَارِعَةُ
101,6,4,1,1,1,-1,-1,1,-1,القارعة,مَن ثَقُلَتۡ مَوَٰزِینُهُۥ
101,8,4,1,1,1,-1,-1,1,-1,القارعة,مَنۡ خَفَّتۡ مَوَٰزِینُهُۥ
103,1,1,1,-1,1,1,1,1,1,العصر,وَٱلۡعَصۡرِ
103,3,7,-1,1,-1,-1,-1,-1,-1,العصر,ٱلصَّٰلِحَٰتِ وَتَوَاصَوۡا۟ بِٱلۡحَقِّ
106,4,4,1,1,1,-1,-1,-1,-1,قريش,أَطۡعَمَهُم مِّن جُوعࣲ
107,6,3,-1,-1,-1,1,-1,1,1,الماعون,ٱلَّذِینَ هُمۡ یُرَآءُونَ
112,3,2,-1,-1,1,-1,1,-1,1,الإخلاص,لَمۡ یَلِدۡ
114,4,3,-1,-1,1,-1,1,-1,1,الناس,مِن شَرِّ ٱلۡوَسۡوَاسِ
